GAL105TBX,CREATE_TIMESTAMP,TIMESTAMP,10,0,<null>,Y
GAL105TBX,ERROR_FREQ_1,SMALLINT,2,0,<null>,Y
GAL105TBX,ERROR_FREQ_2,SMALLINT,2,0,<null>,Y
GAL105TBX,LOGIN_STATUS,CHARACTER,1,0,<null>,Y
GAL105TBX,PASSWD,CHARACTER,8,0,<null>,Y
GAL105TBX,PASSWD_1,CHARACTER,8,0,<null>,Y
GAL105TBX,PASSWD_2,CHARACTER,8,0,<null>,Y
GAL105TBX,PASSWD_3,CHARACTER,8,0,<null>,Y
GAL105TBX,PASSWD_4,CHARACTER,8,0,<null>,Y
GAL105TBX,PASSWD_5,CHARACTER,8,0,<null>,Y
GAL105TBX,PASSWD_UPD_DT,CHARACTER,8,0,<null>,Y
GAL105TBX,ROW_DISUSE_TSTMP,TIMESTAMP,10,0,<null>,Y
GAL105TBX,ROW_HISTRC_CNTER,INTEGER,4,0,<null>,Y
GAL105TBX,ROW_INSERT_TSTMP,TIMESTAMP,10,0,<null>,Y
GAL105TBX,ROW_UPDATE_TSTMP,TIMESTAMP,10,0,<null>,Y
GAL105TBX,ROW_UPDATE_USER,CHARACTER,11,0,<null>,Y
GAL105TBX,UPDATE_TIMESTAMP,TIMESTAMP,10,0,<null>,Y
GAL105TBX,USER_ID,CHARACTER,11,0,' ',N
GAL105TBX,USER_NAME,CHARACTER,30,0,<null>,Y
GAL110TBX,ACTUAL_TIMESTAMP,TIMESTAMP,10,0,<null>,Y
GAL110TBX,CREATE_TIMESTAMP,TIMESTAMP,10,0,<null>,Y
GAL110TBX,DATACONTAINER,BLOB,150000,0,<null>,Y
GAL110TBX,DESTINATION_ID,CHARACTER,32,0,<null>,Y
GAL110TBX,DESTINATION_TYPE,INTEGER,4,0,<null>,Y
GAL110TBX,QUEUE_ID,CHARACTER,16,0,' ',N
GAL110TBX,REQUEST_ID,CHARACTER,32,0,<null>,Y
GAL110TBX,SEND_STATUS,INTEGER,4,0,<null>,Y
GAL110TBX,UPDATE_TIMESTAMP,TIMESTAMP,10,0,<null>,Y
GAL111TBX,ARGUMENT,CHARACTER,128,0,<null>,Y
GAL111TBX,CREATE_TIMESTAMP,TIMESTAMP,10,0,<null>,Y
GAL111TBX,DESTINATION_ID,CHARACTER,32,0,<null>,Y
GAL111TBX,DESTINATION_TYPE,INTEGER,4,0,<null>,Y
GAL111TBX,PROCESS_POINT_ID,CHARACTER,16,0,' ',N
GAL111TBX,REQUEST_ID,CHARACTER,32,0,<null>,Y
GAL111TBX,SEQUENCE_NUMBER,INTEGER,4,0,0,N
GAL111TBX,UPDATE_TIMESTAMP,TIMESTAMP,10,0,<null>,Y
GAL117TBX,CREATE_TIMESTAMP,TIMESTAMP,10,0,<null>,Y
GAL117TBX,SITE_DESCRIPTION,CHARACTER,128,0,<null>,Y
GAL117TBX,SITE_NAME,CHARACTER,16,0,' ',N
GAL117TBX,UPDATE_TIMESTAMP,TIMESTAMP,10,0,<null>,Y
GAL118TBX,CREATE_TIMESTAMP,TIMESTAMP,10,0,<null>,Y
GAL118TBX,MODEL_CODE,CHARACTER,3,0,' ',N
GAL118TBX,MODEL_YEAR_CODE,CHARACTER,1,0,' ',N
GAL118TBX,PASSING_COUNTER,INTEGER,4,0,<null>,Y
GAL118TBX,PERIOD,INTEGER,4,0,0,N
GAL118TBX,PERIOD_LABEL,CHARACTER,5,0,<null>,Y
GAL118TBX,PROCESS_POINT_ID,CHARACTER,16,0,' ',N
GAL118TBX,PRODUCTION_DATE,DATE,4,0,CURRENT DATE,N
GAL118TBX,SHIFT,CHARACTER,2,0,' ',N
GAL118TBX,UPDATE_TIMESTAMP,TIMESTAMP,10,0,<null>,Y
GAL119TBX,CREATE_TIMESTAMP,TIMESTAMP,10,0,<null>,Y
GAL119TBX,PASSING_COUNTER,INTEGER,4,0,<null>,Y
GAL119TBX,PERIOD,INTEGER,4,0,0,N
GAL119TBX,PERIOD_LABEL,CHARACTER,5,0,<null>,Y
GAL119TBX,PROCESS_POINT_ID,CHARACTER,16,0,' ',N
GAL119TBX,PRODUCT_SPEC_CODE,CHARACTER,22,0,' ',N
GAL119TBX,PRODUCTION_DATE,DATE,4,0,CURRENT DATE,N
GAL119TBX,SHIFT,CHARACTER,2,0,' ',N
GAL119TBX,UPDATE_TIMESTAMP,TIMESTAMP,10,0,<null>,Y
GAL120TBX,CREATE_TIMESTAMP,TIMESTAMP,10,0,<null>,Y
GAL120TBX,PASSING_COUNTER,INTEGER,4,0,<null>,Y
GAL120TBX,PERIOD,INTEGER,4,0,0,N
GAL120TBX,PERIOD_LABEL,CHARACTER,5,0,<null>,Y
GAL120TBX,PROCESS_POINT_ID,CHARACTER,16,0,' ',N
GAL120TBX,PRODUCTION_DATE,DATE,4,0,CURRENT DATE,N
GAL120TBX,PRODUCTION_LOT,CHARACTER,20,0,' ',N
GAL120TBX,SHIFT,CHARACTER,2,0,' ',N
GAL120TBX,UPDATE_TIMESTAMP,TIMESTAMP,10,0,<null>,Y
GAL128TBX,CREATE_TIMESTAMP,TIMESTAMP,10,0,<null>,Y
GAL128TBX,DIVISION_DESCRIPTION,CHARACTER,128,0,<null>,Y
GAL128TBX,DIVISION_ID,CHARACTER,16,0,' ',N
GAL128TBX,DIVISION_NAME,CHARACTER,32,0,' ',N
GAL128TBX,DIVISION_NAME1,CHARACTER,32,0,' ',N
GAL128TBX,DIVISION_NAME2,CHARACTER,32,0,' ',N
GAL128TBX,PLANT_NAME,CHARACTER,16,0,' ',N
GAL128TBX,SEQUENCE_NUMBER,INTEGER,4,0,<null>,Y
GAL128TBX,SITE_NAME,CHARACTER,16,0,' ',N
GAL128TBX,UPDATE_TIMESTAMP,TIMESTAMP,10,0,<null>,Y
GAL135TBX,CREATE_TIMESTAMP,TIMESTAMP,10,0,<null>,Y
GAL135TBX,PROCESS_POINT_ID,CHARACTER,16,0,' ',N
GAL135TBX,PRODUCT_ID,CHARACTER,17,0,<null>,Y
GAL135TBX,UPDATE_TIMESTAMP,TIMESTAMP,10,0,<null>,Y
GAL136TBX,ACTUAL_TIMESTAMP,TIMESTAMP,10,0,CURRENT TIMESTAMP,N
GAL136TBX,ASSOCIATE_NO,CHARACTER,11,0,<null>,Y
GAL136TBX,CREATE_TIMESTAMP,TIMESTAMP,10,0,<null>,Y
GAL136TBX,EXCEPTIONAL_OUT_COMMENT,VARCHAR,255,0,<null>,Y
GAL136TBX,EXCEPTIONAL_OUT_REASON_STRING,CHARACTER,64,0,<null>,Y
GAL136TBX,LOCATION,VARCHAR,20,0,<null>,Y
GAL136TBX,PROCESS_POINT_ID,CHARACTER,16,0,<null>,Y
GAL136TBX,PRODUCT_ID,CHARACTER,17,0,' ',N
GAL136TBX,PRODUCTION_DATE,DATE,4,0,<null>,Y
GAL136TBX,UPDATE_TIMESTAMP,TIMESTAMP,10,0,<null>,Y
GAL143TBX,ACTUAL_MISSION_TYPE,CHARACTER,7,0,<null>,Y
GAL143TBX,ACTUAL_OFF_DATE,DATE,4,0,<null>,Y
GAL143TBX,AF_ON_SEQUENCE_NUMBER,INTEGER,4,0,<null>,Y
GAL143TBX,AUTO_HOLD_STATUS,SMALLINT,2,0,<null>,Y
GAL143TBX,CREATE_TIMESTAMP,TIMESTAMP,10,0,<null>,Y
GAL143TBX,ENGINE_SERIAL_NO,CHARACTER,17,0,<null>,Y
GAL143TBX,ENGINE_STATUS,INTEGER,4,0,<null>,Y
GAL143TBX,KD_LOT_NUMBER,CHARACTER,18,0,<null>,Y
GAL143TBX,KEY_NO,CHARACTER,7,0,<null>,Y
GAL143TBX,LAST_PASSING_PROCESS_POINT_ID,CHARACTER,16,0,<null>,Y
GAL143TBX,MISSION_SERIAL_NO,CHARACTER,20,0,<null>,Y
GAL143TBX,PLAN_OFF_DATE,DATE,4,0,<null>,Y
GAL143TBX,PRODUCT_ID,CHARACTER,17,0,' ',N
GAL143TBX,PRODUCT_SPEC_CODE,CHARACTER,22,0,<null>,Y
GAL143TBX,PRODUCT_START_DATE,DATE,4,0,<null>,Y
GAL143TBX,PRODUCTION_DATE,DATE,4,0,<null>,Y
GAL143TBX,PRODUCTION_LOT,CHARACTER,20,0,<null>,Y
GAL143TBX,SHORT_VIN,CHARACTER,11,0,<null>,Y
GAL143TBX,STRAIGHT_SHIP_PERCENTAGE,DOUBLE,8,0,<null>,Y
GAL143TBX,TRACKING_STATUS,CHARACTER,16,0,<null>,Y
GAL143TBX,UPDATE_TIMESTAMP,TIMESTAMP,10,0,<null>,Y
GAL144TBX,BODY_AND_TRANS_TYPE_CODE,CHARACTER,1,0,<null>,Y
GAL144TBX,BODY_AND_TRANS_TYPE_DESC,CHARACTER,30,0,<null>,Y
GAL144TBX,CREATE_TIMESTAMP,TIMESTAMP,10,0,<null>,Y
GAL144TBX,ENGINE_MTO,CHARACTER,10,0,<null>,Y
GAL144TBX,ENGINE_PLANT_CODE,CHARACTER,4,0,<null>,Y
GAL144TBX,EXT_COLOR_CODE,CHARACTER,10,0,<null>,Y
GAL144TBX,EXT_COLOR_DESCRIPTION,CHARACTER,10,0,<null>,Y
GAL144TBX,FRAME_NO_PREFIX,CHARACTER,11,0,<null>,Y
GAL144TBX,GRADE_CODE,CHARACTER,10,0,<null>,Y
GAL144TBX,INT_COLOR_CODE,CHARACTER,2,0,<null>,Y
GAL144TBX,INT_COLOR_DESCRIPTION,CHARACTER,40,0,<null>,Y
GAL144TBX,MODEL_CODE,CHARACTER,3,0,<null>,Y
GAL144TBX,MODEL_OPTION_CODE,CHARACTER,3,0,<null>,Y
GAL144TBX,MODEL_TYPE_CODE,CHARACTER,3,0,<null>,Y
GAL144TBX,MODEL_YEAR_CODE,CHARACTER,1,0,<null>,Y
GAL144TBX,MODEL_YEAR_DESCRIPTION,CHARACTER,4,0,<null>,Y
GAL144TBX,PLANT_CODE_GPCS,CHARACTER,4,0,<null>,Y
GAL144TBX,PRODUCT_SPEC_CODE,CHARACTER,22,0,' ',N
GAL144TBX,PROTOTYPE_CODE,CHARACTER,1,0,<null>,Y
GAL144TBX,SALES_EXT_COLOR_CODE,CHARACTER,10,0,<null>,Y
GAL144TBX,SALES_INT_COLOR_CODE,CHARACTER,2,0,<null>,Y
GAL144TBX,SALES_MODEL_CODE,CHARACTER,10,0,<null>,Y
GAL144TBX,SALES_MODEL_TYPE_CODE,CHARACTER,2,0,<null>,Y
GAL144TBX,SERIES_CODE,CHARACTER,1,0,<null>,Y
GAL144TBX,SERIES_DESCRIPTION,CHARACTER,40,0,<null>,Y
GAL144TBX,UPDATE_TIMESTAMP,TIMESTAMP,10,0,<null>,Y
GAL147TBX,ACTUAL_TIMESTAMP,TIMESTAMP,10,0,CURRENT TIMESTAMP,N
GAL147TBX,CREATE_TIMESTAMP,TIMESTAMP,10,0,<null>,Y
GAL147TBX,HOLD_ASSOCIATE_NAME,CHARACTER,30,0,<null>,Y
GAL147TBX,HOLD_ASSOCIATE_NO,CHARACTER,11,0,<null>,Y
GAL147TBX,HOLD_ASSOCIATE_PAGER,CHARACTER,15,0,<null>,Y
GAL147TBX,HOLD_ASSOCIATE_PHONE,CHARACTER,20,0,<null>,Y
GAL147TBX,HOLD_REASON,CHARACTER,80,0,<null>,Y
GAL147TBX,HOLD_TYPE,INTEGER,4,0,0,N
GAL147TBX,LOT_HOLD_STATUS,INTEGER,4,0,<null>,Y
GAL147TBX,PRODUCT_ID,CHARACTER,17,0,' ',N
GAL147TBX,PRODUCT_SPEC_CODE,CHARACTER,22,0,<null>,Y
GAL147TBX,PRODUCTION_DATE,DATE,4,0,<null>,Y
GAL147TBX,PRODUCTION_LOT,CHARACTER,20,0,<null>,Y
GAL147TBX,QSR_ID,INTEGER,4,0,<null>,Y
GAL147TBX,RELEASE_ASSOCIATE_NAME,CHARACTER,30,0,<null>,Y
GAL147TBX,RELEASE_ASSOCIATE_NO,CHARACTER,11,0,<null>,Y
GAL147TBX,RELEASE_ASSOCIATE_PAGER,CHARACTER,15,0,<null>,Y
GAL147TBX,RELEASE_ASSOCIATE_PHONE,CHARACTER,20,0,<null>,Y
GAL147TBX,RELEASE_FLAG,SMALLINT,2,0,<null>,Y
GAL147TBX,RELEASE_REASON,CHARACTER,80,0,<null>,Y
GAL147TBX,RELEASE_TIMESTAMP,TIMESTAMP,10,0,<null>,Y
GAL147TBX,UPDATE_TIMESTAMP,TIMESTAMP,10,0,<null>,Y
GAL158TBX,BODY_AND_TRANS_TYPE_CODE,CHARACTER,1,0,' ',N
GAL158TBX,BODY_AND_TRANS_TYPE_DESC,CHARACTER,30,0,<null>,Y
GAL158TBX,CREATE_TIMESTAMP,TIMESTAMP,10,0,<null>,Y
GAL158TBX,ENGINE_MODEL_CODE,CHARACTER,3,0,' ',N
GAL158TBX,ENGINE_MODEL_TYPE_CODE,CHARACTER,3,0,' ',N
GAL158TBX,ENGINE_MODEL_YEAR_CODE,CHARACTER,1,0,' ',N
GAL158TBX,ENGINE_OPTION_CODE,CHARACTER,3,0,' ',N
GAL158TBX,EXT_COLOR_CODE,CHARACTER,10,0,' ',N
GAL158TBX,EXT_COLOR_DESCRIPTION,CHARACTER,10,0,<null>,Y
GAL158TBX,F_E,CHARACTER,1,0,' ',N
GAL158TBX,FRAME_NO_PREFIX,CHARACTER,11,0,' ',N
GAL158TBX,GRADE_CODE,CHARACTER,10,0,' ',N
GAL158TBX,INT_COLOR_CODE,CHARACTER,2,0,' ',N
GAL158TBX,INT_COLOR_DESCRIPTION,CHARACTER,40,0,<null>,Y
GAL158TBX,MODEL_CODE,CHARACTER,3,0,' ',N
GAL158TBX,MODEL_OPTION_CODE,CHARACTER,3,0,' ',N
GAL158TBX,MODEL_TYPE_CODE,CHARACTER,3,0,' ',N
GAL158TBX,MODEL_YEAR_CODE,CHARACTER,1,0,' ',N
GAL158TBX,MODEL_YEAR_DESCRIPTION,CHARACTER,4,0,<null>,Y
GAL158TBX,PLANT_CODE_ENGINE,CHARACTER,4,0,' ',N
GAL158TBX,PLANT_CODE_FRAME,CHARACTER,4,0,' ',N
GAL158TBX,PROTOTYPE_CODE,CHARACTER,1,0,' ',N
GAL158TBX,SALES_EXT_COLOR_CODE,CHARACTER,10,0,' ',N
GAL158TBX,SALES_INT_COLOR_CODE,CHARACTER,2,0,' ',N
GAL158TBX,SALES_MODEL_CODE,CHARACTER,10,0,' ',N
GAL158TBX,SALES_MODEL_OPTION_CODE,CHARACTER,2,0,' ',N
GAL158TBX,SALES_MODEL_TYPE_CODE,CHARACTER,2,0,' ',N
GAL158TBX,SERIES_CODE,CHARACTER,1,0,' ',N
GAL158TBX,SERIES_DESCRIPTION,CHARACTER,40,0,<null>,Y
GAL158TBX,UPDATE_TIMESTAMP,TIMESTAMP,10,0,<null>,Y
GAL176TBX,CREATE_TIMESTAMP,TIMESTAMP,10,0,CURRENT TIMESTAMP,N
GAL176TBX,LAST_PASSING_PROCESS_POINT_ID,CHARACTER,16,0,<null>,Y
GAL176TBX,LINE_ID,CHARACTER,16,0,<null>,Y
GAL176TBX,NEXT_PRODUCT_ID,CHARACTER,17,0,<null>,Y
GAL176TBX,PLAN_OFF_DATE,DATE,4,0,<null>,Y
GAL176TBX,PRODUCT_ID,CHARACTER,17,0,' ',N
GAL176TBX,PRODUCT_SPEC_CODE,CHARACTER,22,0,<null>,Y
GAL176TBX,PRODUCTION_LOT,CHARACTER,20,0,<null>,Y
GAL176TBX,UPDATE_TIMESTAMP,TIMESTAMP,10,0,<null>,Y
GAL185TBX,ACTUAL_TIMESTAMP,TIMESTAMP,10,0,<null>,Y
GAL185TBX,ASSOCIATE_NO,CHARACTER,11,0,<null>,Y
GAL185TBX,CREATE_TIMESTAMP,TIMESTAMP,10,0,<null>,Y
GAL185TBX,FIRST_ALARM,INTEGER,4,0,<null>,Y
GAL185TBX,INSTALLED_PART_REASON,CHARACTER,128,0,<null>,Y
GAL185TBX,INSTALLED_PART_STATUS,INTEGER,4,0,<null>,Y
GAL185TBX,PART_ID,CHARACTER,5,0,<null>,Y
GAL185TBX,PART_NAME,CHARACTER,32,0,' ',N
GAL185TBX,PART_SERIAL_NUMBER,CHARACTER,30,0,<null>,Y
GAL185TBX,PASS_TIME,INTEGER,4,0,<null>,Y
GAL185TBX,PRODUCT_ID,CHARACTER,17,0,' ',N
GAL185TBX,SECOND_ALARM,INTEGER,4,0,<null>,Y
GAL185TBX,UPDATE_TIMESTAMP,TIMESTAMP,10,0,<null>,Y
GAL186TBX,CREATE_TIMESTAMP,TIMESTAMP,10,0,<null>,Y
GAL186TBX,PRODUCT_SPEC_CODE,CHARACTER,22,0,' ',N
GAL186TBX,SEALER_JOB_NUMBER,CHARACTER,2,0,<null>,Y
GAL186TBX,SEALER_MELT_SHEET,CHARACTER,4,0,<null>,Y
GAL186TBX,SURFACER_COLOR_NUMBER,CHARACTER,2,0,<null>,Y
GAL186TBX,SURFACER_JOB_NUMBER,CHARACTER,2,0,<null>,Y
GAL186TBX,TOPCOAT_BASE_COLOR_NUMBER,CHARACTER,2,0,<null>,Y
GAL186TBX,TOPCOAT_BASE_JOB_NUMBER,CHARACTER,2,0,<null>,Y
GAL186TBX,TOPCOAT_CLEAR_COLOR_NUMBER,CHARACTER,2,0,<null>,Y
GAL186TBX,TOPCOAT_CLEAR_JOB_NUMBER,CHARACTER,2,0,<null>,Y
GAL186TBX,UPDATE_TIMESTAMP,TIMESTAMP,10,0,<null>,Y
GAL195TBX,CREATE_TIMESTAMP,TIMESTAMP,10,0,<null>,Y
GAL195TBX,DIVISION_ID,CHARACTER,16,0,<null>,Y
GAL195TBX,DIVISION_NAME,CHARACTER,32,0,' ',N
GAL195TBX,DIVISION_NAME1,CHARACTER,32,0,' ',N
GAL195TBX,DIVISION_NAME2,CHARACTER,32,0,' ',N
GAL195TBX,ENTRY_PROCESS_POINT_ID,CHARACTER,16,0,<null>,Y
GAL195TBX,LINE_DESCRIPTION,CHARACTER,128,0,<null>,Y
GAL195TBX,LINE_ID,CHARACTER,16,0,' ',N
GAL195TBX,LINE_NAME,CHARACTER,32,0,' ',N
GAL195TBX,LINE_SEQUENCE_NUMBER,INTEGER,4,0,<null>,Y
GAL195TBX,LINE_TYPE,INTEGER,4,0,<null>,Y
GAL195TBX,MAXIMUM_INVENTORY,INTEGER,4,0,<null>,Y
GAL195TBX,MINIMUM_INVENTORY,INTEGER,4,0,<null>,Y
GAL195TBX,PLANT_NAME,CHARACTER,16,0,' ',N
GAL195TBX,SITE_NAME,CHARACTER,16,0,' ',N
GAL195TBX,STD_INVENTORY,INTEGER,4,0,<null>,Y
GAL195TBX,UPDATE_TIMESTAMP,TIMESTAMP,10,0,<null>,Y
GAL198TBX,ACTUAL_TIMESTAMP,TIMESTAMP,10,0,<null>,Y
GAL198TBX,CREATE_TIMESTAMP,TIMESTAMP,10,0,<null>,Y
GAL198TBX,MEASUREMENT_ANGLE,DOUBLE,8,0,<null>,Y
GAL198TBX,MEASUREMENT_SEQUENCE_NUMBER,INTEGER,4,0,0,N
GAL198TBX,MEASUREMENT_STATUS,INTEGER,4,0,<null>,Y
GAL198TBX,MEASUREMENT_VALUE,DOUBLE,8,0,<null>,Y
GAL198TBX,PART_NAME,CHARACTER,32,0,' ',N
GAL198TBX,PART_SERIAL_NUMBER,CHARACTER,30,0,<null>,Y
GAL198TBX,PRODUCT_ID,CHARACTER,17,0,' ',N
GAL198TBX,UPDATE_TIMESTAMP,TIMESTAMP,10,0,<null>,Y
GAL206TBX,COMMENT,VARCHAR,256,0,<null>,Y
GAL206TBX,CREATE_TIMESTAMP,TIMESTAMP,10,0,<null>,Y
GAL206TBX,ENTRY_TIMESTAMP,TIMESTAMP,10,0,<null>,Y
GAL206TBX,MAXIMUM_VALUE1,DOUBLE,8,0,<null>,Y
GAL206TBX,MAXIMUM_VALUE10,DOUBLE,8,0,<null>,Y
GAL206TBX,MAXIMUM_VALUE2,DOUBLE,8,0,<null>,Y
GAL206TBX,MAXIMUM_VALUE3,DOUBLE,8,0,<null>,Y
GAL206TBX,MAXIMUM_VALUE4,DOUBLE,8,0,<null>,Y
GAL206TBX,MAXIMUM_VALUE5,DOUBLE,8,0,<null>,Y
GAL206TBX,MAXIMUM_VALUE6,DOUBLE,8,0,<null>,Y
GAL206TBX,MAXIMUM_VALUE7,DOUBLE,8,0,<null>,Y
GAL206TBX,MAXIMUM_VALUE8,DOUBLE,8,0,<null>,Y
GAL206TBX,MAXIMUM_VALUE9,DOUBLE,8,0,<null>,Y
GAL206TBX,MEASUREMENT_COUNT,INTEGER,4,0,<null>,Y
GAL206TBX,MINIMUM_VALUE1,DOUBLE,8,0,<null>,Y
GAL206TBX,MINIMUM_VALUE10,DOUBLE,8,0,<null>,Y
GAL206TBX,MINIMUM_VALUE2,DOUBLE,8,0,<null>,Y
GAL206TBX,MINIMUM_VALUE3,DOUBLE,8,0,<null>,Y
GAL206TBX,MINIMUM_VALUE4,DOUBLE,8,0,<null>,Y
GAL206TBX,MINIMUM_VALUE5,DOUBLE,8,0,<null>,Y
GAL206TBX,MINIMUM_VALUE6,DOUBLE,8,0,<null>,Y
GAL206TBX,MINIMUM_VALUE7,DOUBLE,8,0,<null>,Y
GAL206TBX,MINIMUM_VALUE8,DOUBLE,8,0,<null>,Y
GAL206TBX,MINIMUM_VALUE9,DOUBLE,8,0,<null>,Y
GAL206TBX,PART_DESCRIPTION,CHARACTER,128,0,<null>,Y
GAL206TBX,PART_ID,CHARACTER,5,0,' ',N
GAL206TBX,PART_NAME,CHARACTER,32,0,' ',N
GAL206TBX,PART_SERIAL_NUMBER_MASK,CHARACTER,30,0,<null>,Y
GAL206TBX,UPDATE_TIMESTAMP,TIMESTAMP,10,0,<null>,Y
GAL208TBX,CREATE_TIMESTAMP,TIMESTAMP,10,0,<null>,Y
GAL208TBX,MODEL_CODE,CHARACTER,3,0,<null>,Y
GAL208TBX,PART_GROUP_DESCRIPTION_LONG,VARCHAR,30,0,<null>,Y
GAL208TBX,PART_GROUP_DESCRIPTION_SHORT,VARCHAR,10,0,<null>,Y
GAL208TBX,PART_GROUP_NAME,VARCHAR,20,0,'',N
GAL208TBX,UPDATE_TIMESTAMP,TIMESTAMP,10,0,<null>,Y
GAL211TBX,CREATE_TIMESTAMP,TIMESTAMP,10,0,<null>,Y
GAL211TBX,PLANT_LONG_DESCRIPTION,CHARACTER,128,0,<null>,Y
GAL211TBX,PLANT_NAME,CHARACTER,16,0,' ',N
GAL211TBX,SITE_NAME,CHARACTER,16,0,' ',N
GAL211TBX,UPDATE_TIMESTAMP,TIMESTAMP,10,0,<null>,Y
GAL212TBX,CREATE_TIMESTAMP,TIMESTAMP,10,0,<null>,Y
GAL212TBX,HOLD_STATUS,INTEGER,4,0,<null>,Y
GAL212TBX,LINE_NO,CHARACTER,2,0,<null>,Y
GAL212TBX,LOT_NUMBER,CHARACTER,12,0,<null>,Y
GAL212TBX,LOT_SIZE,INTEGER,4,0,<null>,Y
GAL212TBX,NEXT_PRODUCTION_LOT,CHARACTER,20,0,<null>,Y
GAL212TBX,PLANT_CODE,CHARACTER,4,0,<null>,Y
GAL212TBX,PROCESS_LOCATION,CHARACTER,2,0,<null>,Y
GAL212TBX,PRODUCT_SPEC_CODE,CHARACTER,22,0,<null>,Y
GAL212TBX,PRODUCTION_LOT,CHARACTER,20,0,' ',N
GAL212TBX,SEND_STATUS,INTEGER,4,0,<null>,Y
GAL212TBX,SENT_TIMESTAMP,TIMESTAMP,10,0,<null>,Y
GAL212TBX,STAMPED_COUNT,INTEGER,4,0,<null>,Y
GAL212TBX,START_PRODUCT_ID,CHARACTER,17,0,<null>,Y
GAL212TBX,UPDATE_TIMESTAMP,TIMESTAMP,10,0,<null>,Y
GAL214TBX,BACK_FILL_PROCESS_POINT_ID,CHARACTER,16,0,<null>,Y
GAL214TBX,CREATE_TIMESTAMP,TIMESTAMP,10,0,<null>,Y
GAL214TBX,CURRENT_PROD_LOT,CHARACTER,20,0,<null>,Y
GAL214TBX,DIVISION_ID,CHARACTER,16,0,' ',N
GAL214TBX,DIVISION_NAME,CHARACTER,32,0,' ',N
GAL214TBX,DIVISION_NAME1,CHARACTER,32,0,' ',N
GAL214TBX,DIVISION_NAME2,CHARACTER,32,0,' ',N
GAL214TBX,LINE_ID,CHARACTER,16,0,' ',N
GAL214TBX,LINE_NAME,CHARACTER,32,0,' ',N
GAL214TBX,PASSING_COUNT_FLAG,SMALLINT,2,0,<null>,Y
GAL214TBX,PLANT_NAME,CHARACTER,16,0,' ',N
GAL214TBX,PROCESS_POINT_DESCRIPTION,CHARACTER,128,0,<null>,Y
GAL214TBX,PROCESS_POINT_ID,CHARACTER,16,0,' ',N
GAL214TBX,PROCESS_POINT_NAME,CHARACTER,32,0,' ',N
GAL214TBX,PROCESS_POINT_TYPE,INTEGER,4,0,<null>,Y
GAL214TBX,RECOVERY_POINT_FLAG,SMALLINT,2,0,<null>,Y
GAL214TBX,SEQUENCE_NUMBER,INTEGER,4,0,<null>,Y
GAL214TBX,SITE_NAME,CHARACTER,16,0,' ',N
GAL214TBX,TRACKING_POINT_FLAG,SMALLINT,2,0,<null>,Y
GAL214TBX,UPDATE_TIMESTAMP,TIMESTAMP,10,0,<null>,Y
GAL215TBX,ACTUAL_TIMESTAMP,TIMESTAMP,10,0,CURRENT TIMESTAMP,N
GAL215TBX,CREATE_TIMESTAMP,TIMESTAMP,10,0,<null>,Y
GAL215TBX,PROCESS_COUNT,INTEGER,4,0,0,N
GAL215TBX,PROCESS_POINT_ID,CHARACTER,16,0,' ',N
GAL215TBX,PRODUCT_ID,CHARACTER,17,0,' ',N
GAL215TBX,PRODUCT_SPEC_CODE,CHARACTER,22,0,<null>,Y
GAL215TBX,PRODUCTION_DATE,DATE,4,0,<null>,Y
GAL215TBX,PRODUCTION_LOT,CHARACTER,20,0,<null>,Y
GAL215TBX,UPDATE_TIMESTAMP,TIMESTAMP,10,0,<null>,Y
GAL217TBX,CREATE_TIMESTAMP,TIMESTAMP,10,0,<null>,Y
GAL217TBX,DEMAND_TYPE,CHARACTER,2,0,<null>,Y
GAL217TBX,KD_LOT_NUMBER,CHARACTER,18,0,<null>,Y
GAL217TBX,LINE_NO,CHARACTER,2,0,<null>,Y
GAL217TBX,LOT_NUMBER,CHARACTER,12,0,<null>,Y
GAL217TBX,LOT_PASS_FLAG,SMALLINT,2,0,<null>,Y
GAL217TBX,LOT_SIZE,INTEGER,4,0,<null>,Y
GAL217TBX,LOT_STATUS,INTEGER,4,0,<null>,Y
GAL217TBX,PA_LINE_NO,CHARACTER,2,0,<null>,Y
GAL217TBX,PA_PROCESS_LOCATION,CHARACTER,2,0,<null>,Y
GAL217TBX,PLAN_CODE,CHARACTER,11,0,<null>,Y
GAL217TBX,PLAN_OFF_DATE,DATE,4,0,<null>,Y
GAL217TBX,PLANT_CODE,CHARACTER,4,0,<null>,Y
GAL217TBX,PROCESS_LOCATION,CHARACTER,2,0,<null>,Y
GAL217TBX,PROD_LOT_KD,CHARACTER,20,0,<null>,Y
GAL217TBX,PRODUCT_SPEC_CODE,CHARACTER,22,0,<null>,Y
GAL217TBX,PRODUCTION_DATE,DATE,4,0,<null>,Y
GAL217TBX,PRODUCTION_LOT,CHARACTER,20,0,' ',N
GAL217TBX,START_PRODUCT_ID,CHARACTER,17,0,<null>,Y
GAL217TBX,UPDATE_TIMESTAMP,TIMESTAMP,10,0,<null>,Y
GAL217TBX,WE_LINE_NO,CHARACTER,2,0,<null>,Y
GAL217TBX,WE_PROCESS_LOCATION,CHARACTER,2,0,<null>,Y
GAL226TBX,CAPACITY,INTEGER,4,0,0,Y
GAL226TBX,CAPACITY_ON,INTEGER,4,0,0,Y
GAL226TBX,CREATE_TIMESTAMP,TIMESTAMP,10,0,<null>,Y
GAL226TBX,DAY_OF_WEEK,CHARACTER,3,0,<null>,Y
GAL226TBX,END_TIME,TIME,3,0,<null>,Y
GAL226TBX,END_TIMESTAMP,TIMESTAMP,10,0,<null>,Y
GAL226TBX,ISWORK,CHARACTER,1,0,<null>,Y
GAL226TBX,LINE_NO,CHARACTER,2,0,' ',N
GAL226TBX,NEXT_DAY,SMALLINT,2,0,<null>,Y
GAL226TBX,PERIOD,INTEGER,4,0,0,N
GAL226TBX,PERIOD_LABEL,CHARACTER,5,0,<null>,Y
GAL226TBX,PLAN,CHARACTER,1,0,<null>,Y
GAL226TBX,PLAN_CODE,CHARACTER,11,0,<null>,Y
GAL226TBX,PLANT_CODE,CHARACTER,4,0,' ',N
GAL226TBX,PROCESS_LOCATION,CHARACTER,2,0,' ',N
GAL226TBX,PRODUCTION_DATE,DATE,4,0,CURRENT DATE,N
GAL226TBX,SHIFT,CHARACTER,2,0,' ',N
GAL226TBX,START_TIME,TIME,3,0,<null>,Y
GAL226TBX,START_TIMESTAMP,TIMESTAMP,10,0,<null>,Y
GAL226TBX,TYPE,CHARACTER,3,0,<null>,Y
GAL226TBX,UPDATE_TIMESTAMP,TIMESTAMP,10,0,<null>,Y
GAL226TBX,WEEK_NO,CHARACTER,6,0,<null>,Y
GAL227TBX,CREATE_TIMESTAMP,TIMESTAMP,10,0,<null>,Y
GAL227TBX,SECONDARY_PART_DESC_LONG,VARCHAR,30,0,<null>,Y
GAL227TBX,SECONDARY_PART_DESC_SHORT,VARCHAR,10,0,<null>,Y
GAL227TBX,SECONDARY_PART_NAME,VARCHAR,20,0,'',N
GAL227TBX,UPDATE_TIMESTAMP,TIMESTAMP,10,0,<null>,Y
GAL233TBX,COUNT_DATE,DATE,4,0,CURRENT DATE,N
GAL233TBX,CREATE_TIMESTAMP,TIMESTAMP,10,0,<null>,Y
GAL233TBX,PLANT_CODE,CHARACTER,4,0,' ',N
GAL233TBX,SEQUENCE_NUMBER,INTEGER,4,0,0,N
GAL233TBX,SHIFT,CHARACTER,2,0,' ',N
GAL233TBX,STRAGGLED_LOT_NUMBER,CHARACTER,20,0,<null>,Y
GAL233TBX,UPDATE_TIMESTAMP,TIMESTAMP,10,0,<null>,Y
GAL234TBX,AF_TERMINAL_FLAG,SMALLINT,2,0,<null>,Y
GAL234TBX,CREATE_TIMESTAMP,TIMESTAMP,10,0,<null>,Y
GAL234TBX,DIVISION_ID,CHARACTER,16,0,<null>,Y
GAL234TBX,HOST_NAME,CHARACTER,32,0,' ',N
GAL234TBX,IP_ADDRESS,CHARACTER,15,0,<null>,Y
GAL234TBX,LOCATED_PROCESS_POINT_ID,CHARACTER,16,0,<null>,Y
GAL234TBX,PORT,INTEGER,4,0,<null>,Y
GAL234TBX,ROUTER_PORT,INTEGER,4,0,<null>,Y
GAL234TBX,TERMINAL_DESCRIPTION,CHARACTER,128,0,<null>,Y
GAL234TBX,UPDATE_TIMESTAMP,TIMESTAMP,10,0,<null>,Y
GAL235TBX,CREATE_TIMESTAMP,TIMESTAMP,10,0,<null>,Y
GAL235TBX,DIVISION_ID,CHARACTER,16,0,' ',N
GAL235TBX,UPDATE_TIMESTAMP,TIMESTAMP,10,0,<null>,Y
GAL235TBX,ZONE_DESCRIPTION,CHARACTER,128,0,<null>,Y
GAL235TBX,ZONE_ID,CHARACTER,16,0,' ',N
GAL235TBX,ZONE_NAME,CHARACTER,32,0,' ',N
GAL236TBX,CREATE_TIMESTAMP,TIMESTAMP,10,0,<null>,Y
GAL236TBX,LINE_ID,CHARACTER,16,0,' ',N
GAL236TBX,PREVIOUS_LINE_ID,CHARACTER,16,0,' ',N
GAL236TBX,UPDATE_TIMESTAMP,TIMESTAMP,10,0,<null>,Y
GAL237TBX,CREATE_TIMESTAMP,TIMESTAMP,10,0,<null>,Y
GAL237TBX,GPCS_PLANT_CODE,CHARACTER,4,0,<null>,Y
GAL237TBX,PLANT_NAME,CHARACTER,16,0,' ',N
GAL237TBX,SITE_NAME,CHARACTER,16,0,' ',N
GAL237TBX,UPDATE_TIMESTAMP,TIMESTAMP,10,0,<null>,Y
GAL238TBX,CREATE_TIMESTAMP,TIMESTAMP,10,0,<null>,Y
GAL238TBX,DIVISION_ID,CHARACTER,16,0,' ',N
GAL238TBX,GPCS_LINE_NO,CHARACTER,2,0,<null>,Y
GAL238TBX,GPCS_PLANT_CODE,CHARACTER,4,0,<null>,Y
GAL238TBX,GPCS_PROCESS_LOCATION,CHARACTER,2,0,<null>,Y
GAL238TBX,UPDATE_TIMESTAMP,TIMESTAMP,10,0,<null>,Y
GAL240TBX,CREATE_TIMESTAMP,TIMESTAMP,10,0,<null>,Y
GAL240TBX,PASSING_COUNTER,INTEGER,4,0,<null>,Y
GAL240TBX,PERIOD,INTEGER,4,0,0,N
GAL240TBX,PERIOD_LABEL,CHARACTER,5,0,<null>,Y
GAL240TBX,PROCESS_POINT_ID,CHARACTER,16,0,' ',N
GAL240TBX,PRODUCTION_DATE,DATE,4,0,CURRENT DATE,N
GAL240TBX,SHIFT,CHARACTER,2,0,' ',N
GAL240TBX,UPDATE_TIMESTAMP,TIMESTAMP,10,0,<null>,Y
GAL241TBX,APPLICATION_DESCRIPTION,CHARACTER,128,0,<null>,Y
GAL241TBX,APPLICATION_ID,CHARACTER,16,0,' ',N
GAL241TBX,APPLICATION_NAME,CHARACTER,32,0,<null>,Y
GAL241TBX,APPLICATION_TYPE,INTEGER,4,0,<null>,Y
GAL241TBX,CREATE_TIMESTAMP,TIMESTAMP,10,0,<null>,Y
GAL241TBX,PERSISTENT_SESSION,SMALLINT,2,0,0,Y
GAL241TBX,PRELOAD,INTEGER,4,0,0,Y
GAL241TBX,SCREEN_CLASS,CHARACTER,128,0,<null>,Y
GAL241TBX,SCREEN_ID,CHARACTER,16,0,<null>,Y
GAL241TBX,SESSION_REQUIRED,SMALLINT,2,0,0,Y
GAL241TBX,TERMINAL_APPLICATION_FLAG,SMALLINT,2,0,<null>,Y
GAL241TBX,UPDATE_TIMESTAMP,TIMESTAMP,10,0,<null>,Y
GAL241TBX,WINDOW_TITLE,CHARACTER,32,0,<null>,Y
GAL242TBX,APPLICATION_ID,CHARACTER,16,0,' ',N
GAL242TBX,CREATE_TIMESTAMP,TIMESTAMP,10,0,<null>,Y
GAL242TBX,DEFAULT_APPLICATION_FLAG,SMALLINT,2,0,<null>,Y
GAL242TBX,HOST_NAME,CHARACTER,32,0,' ',N
GAL242TBX,UPDATE_TIMESTAMP,TIMESTAMP,10,0,<null>,Y
GAL243TBX,APPLICATION_ID,CHARACTER,16,0,' ',N
GAL243TBX,ARGUMENT,CHARACTER,128,0,<null>,Y
GAL243TBX,BEGIN_FLAG,SMALLINT,2,0,<null>,Y
GAL243TBX,COMMIT_FLAG,SMALLINT,2,0,<null>,Y
GAL243TBX,CREATE_TIMESTAMP,TIMESTAMP,10,0,<null>,Y
GAL243TBX,INPUT_EVENT_EXIST_FLAG,SMALLINT,2,0,<null>,Y
GAL243TBX,JNDI_NAME,CHARACTER,128,0,<null>,Y
GAL243TBX,SEQUENCE_NO,INTEGER,4,0,<null>,Y
GAL243TBX,STATEFULL_SESSION_BEAN_FLAG,SMALLINT,2,0,<null>,Y
GAL243TBX,TASK_NAME,CHARACTER,32,0,' ',N
GAL243TBX,UPDATE_TIMESTAMP,TIMESTAMP,10,0,<null>,Y
GAL244TBX,CREATE_TIMESTAMP,TIMESTAMP,10,0,<null>,Y
GAL244TBX,JNDI_NAME,CHARACTER,128,0,<null>,Y
GAL244TBX,STATEFULL_SESSION_BEAN_FLAG,SMALLINT,2,0,<null>,Y
GAL244TBX,TASK_NAME,CHARACTER,32,0,' ',N
GAL244TBX,TASKSPEC_DESCRIPTION,CHARACTER,128,0,<null>,Y
GAL244TBX,UPDATE_TIMESTAMP,TIMESTAMP,10,0,<null>,Y
GAL245TBX,CREATE_TIMESTAMP,TIMESTAMP,10,0,<null>,Y
GAL245TBX,EXT_COLOR_CODE,CHARACTER,10,0,' ',N
GAL245TBX,INT_COLOR_CODE,CHARACTER,2,0,' ',N
GAL245TBX,MODEL_CODE,CHARACTER,3,0,' ',N
GAL245TBX,MODEL_OPTION_CODE,CHARACTER,3,0,' ',N
GAL245TBX,MODEL_TYPE_CODE,CHARACTER,3,0,' ',N
GAL245TBX,MODEL_YEAR_CODE,CHARACTER,1,0,' ',N
GAL245TBX,PART_ID,CHARACTER,5,0,' ',N
GAL245TBX,PART_NAME,CHARACTER,32,0,' ',N
GAL245TBX,UPDATE_TIMESTAMP,TIMESTAMP,10,0,<null>,Y
GAL246TBX,CREATE_TIMESTAMP,TIMESTAMP,10,0,<null>,Y
GAL246TBX,DEVICE_ID,CHARACTER,16,0,<null>,Y
GAL246TBX,EXPECTED_INSTALL_TIME,INTEGER,4,0,<null>,Y
GAL246TBX,EXT_COLOR_CODE,CHARACTER,10,0,' ',N
GAL246TBX,INSTRUCTION_CODE,CHARACTER,1,0,<null>,Y
GAL246TBX,INT_COLOR_CODE,CHARACTER,2,0,' ',N
GAL246TBX,MODEL_CODE,CHARACTER,3,0,' ',N
GAL246TBX,MODEL_OPTION_CODE,CHARACTER,3,0,' ',N
GAL246TBX,MODEL_TYPE_CODE,CHARACTER,3,0,' ',N
GAL246TBX,MODEL_YEAR_CODE,CHARACTER,1,0,' ',N
GAL246TBX,PART_NAME,CHARACTER,32,0,' ',N
GAL246TBX,PROCESS_POINT_ID,CHARACTER,16,0,' ',N
GAL246TBX,SEQUENCE_NUMBER,INTEGER,4,0,<null>,Y
GAL246TBX,SERIAL_NUMBER_SCAN_FLAG,INTEGER,4,0,<null>,Y
GAL246TBX,SERIAL_NUMBER_UNIQUE_FLAG,INTEGER,4,0,<null>,Y
GAL246TBX,STRATEGY,VARCHAR,256,0,<null>,Y
GAL246TBX,SUB_ID,CHARACTER,2,0,<null>,Y
GAL246TBX,UPDATE_TIMESTAMP,TIMESTAMP,10,0,<null>,Y
GAL246TBX,VERIFICATION_FLAG,INTEGER,4,0,<null>,Y
GAL253TBX,ALIAS_NAME,CHARACTER,64,0,<null>,Y
GAL253TBX,CLIENT_ID,CHARACTER,32,0,' ',N
GAL253TBX,CREATE_TIMESTAMP,TIMESTAMP,10,0,<null>,Y
GAL253TBX,DEVICE_DESCRIPTION,CHARACTER,128,0,<null>,Y
GAL253TBX,DEVICE_TYPE,INTEGER,4,0,<null>,Y
GAL253TBX,DIVISION_ID,CHARACTER,16,0,<null>,Y
GAL253TBX,EIF_IP_ADDRESS,CHARACTER,15,0,<null>,Y
GAL253TBX,EIF_PORT,INTEGER,4,0,<null>,Y
GAL253TBX,IO_PROCESS_POINT_ID,CHARACTER,16,0,<null>,Y
GAL253TBX,REPLY_CLIENT_ID,CHARACTER,32,0,<null>,Y
GAL253TBX,UPDATE_TIMESTAMP,TIMESTAMP,10,0,<null>,Y
GAL257TBX,CLIENT_ID,CHARACTER,32,0,' ',N
GAL257TBX,CREATE_TIMESTAMP,TIMESTAMP,10,0,<null>,Y
GAL257TBX,DATA_TYPE,INTEGER,4,0,<null>,Y
GAL257TBX,LENGTH,INTEGER,4,0,<null>,Y
GAL257TBX,OFFSET,INTEGER,4,0,<null>,Y
GAL257TBX,SEQUENCE_NUMBER,INTEGER,4,0,<null>,Y
GAL257TBX,TAG,CHARACTER,128,0,' ',N
GAL257TBX,TAG_TYPE,INTEGER,4,0,<null>,Y
GAL257TBX,TAG_VALUE,VARCHAR,512,0,<null>,Y
GAL257TBX,UPDATE_TIMESTAMP,TIMESTAMP,10,0,<null>,Y
GAL258TBX,ATTRIBUTE,CHARACTER,32,0,' ',N
GAL258TBX,ATTRIBUTE_TYPE,INTEGER,4,0,<null>,Y
GAL258TBX,ATTRIBUTE_VALUE,VARCHAR,1024,0,<null>,Y
GAL258TBX,CREATE_TIMESTAMP,TIMESTAMP,10,0,<null>,Y
GAL258TBX,FORMID,CHARACTER,32,0,' ',N
GAL258TBX,LENGTH,INTEGER,4,0,<null>,Y
GAL258TBX,OFFSET,INTEGER,4,0,<null>,Y
GAL258TBX,SEQUENCE_NUMBER,INTEGER,4,0,<null>,Y
GAL258TBX,UPDATE_TIMESTAMP,TIMESTAMP,10,0,<null>,Y
GAL259TBX,ATTRIBUTE,CHARACTER,32,0,' ',N
GAL259TBX,ATTRIBUTE_VALUE,VARCHAR,512,0,<null>,Y
GAL259TBX,CREATE_TIMESTAMP,TIMESTAMP,10,0,<null>,Y
GAL259TBX,PRODUCT_SPEC_CODE,CHARACTER,22,0,' ',N
GAL259TBX,UPDATE_TIMESTAMP,TIMESTAMP,10,0,<null>,Y
GAL261TBX,CREATE_TIMESTAMP,TIMESTAMP,10,0,<null>,Y
GAL261TBX,PART_CONFIRM_CHECK,INTEGER,4,0,<null>,Y
GAL261TBX,PART_NAME,CHARACTER,32,0,' ',N
GAL261TBX,PRODUCT_TYPE,CHARACTER,10,0,'KNUCKLE',N
GAL261TBX,UPDATE_TIMESTAMP,TIMESTAMP,10,0,<null>,Y
GAL261TBX,WINDOW_LABEL,CHARACTER,32,0,<null>,Y
GAL276TBX,CREATE_TIMESTAMP,TIMESTAMP,10,0,<null>,Y
GAL276TBX,DAY_OF_WEEK,CHARACTER,3,0,<null>,Y
GAL276TBX,END_TIME,TIME,3,0,CURRENT TIME,N
GAL276TBX,LINE_NO,CHARACTER,2,0,' ',N
GAL276TBX,NEXT_DAY,SMALLINT,2,0,0,N
GAL276TBX,PERIOD,INTEGER,4,0,0,N
GAL276TBX,PERIOD_LABEL,CHARACTER,5,0,' ',N
GAL276TBX,PLAN,CHARACTER,1,0,' ',N
GAL276TBX,PLAN_CODE,CHARACTER,11,0,' ',N
GAL276TBX,PROCESS_LOCATION,CHARACTER,2,0,' ',N
GAL276TBX,SHIFT,CHARACTER,2,0,' ',N
GAL276TBX,START_TIME,TIME,3,0,CURRENT TIME,N
GAL276TBX,TYPE,CHARACTER,3,0,' ',N
GAL276TBX,UPDATE_TIMESTAMP,TIMESTAMP,10,0,<null>,Y
GAL276TBX,VALID_DATE,DATE,4,0,CURRENT DATE,N
GAL277TBX,CREATE_TIMESTAMP,TIMESTAMP,10,0,<null>,Y
GAL277TBX,END_TIME,TIME,3,0,CURRENT TIME,N
GAL277TBX,INSERT_FLAG,CHARACTER,1,0,<null>,Y
GAL277TBX,LINE_NO,CHARACTER,2,0,' ',N
GAL277TBX,NEXT_DAY,SMALLINT,2,0,0,N
GAL277TBX,PERIOD,INTEGER,4,0,0,N
GAL277TBX,PERIOD_LABEL,CHARACTER,5,0,' ',N
GAL277TBX,PLAN,CHARACTER,1,0,' ',N
GAL277TBX,PLAN_CODE,CHARACTER,11,0,' ',N
GAL277TBX,PROCESS_LOCATION,CHARACTER,2,0,' ',N
GAL277TBX,PRODUCTION_DATE,DATE,4,0,CURRENT DATE,N
GAL277TBX,SHIFT,CHARACTER,2,0,' ',N
GAL277TBX,START_TIME,TIME,3,0,CURRENT TIME,N
GAL277TBX,TYPE,CHARACTER,3,0,' ',N
GAL277TBX,UPDATE_TIMESTAMP,TIMESTAMP,10,0,<null>,Y
GAL281TBX,BIRTHDAY,CHARACTER,8,0,<null>,Y
GAL281TBX,COMPANY_CD,CHARACTER,4,0,<null>,Y
GAL281TBX,COUNTRY_CD,CHARACTER,3,0,<null>,Y
GAL281TBX,CREATE_TIMESTAMP,TIMESTAMP,10,0,<null>,Y
GAL281TBX,DEPT_CD,CHARACTER,8,0,<null>,Y
GAL281TBX,MAIL_ADDR,CHARACTER,30,0,<null>,Y
GAL281TBX,OFFICD_ORG,CHARACTER,2,0,<null>,Y
GAL281TBX,PLANT_CD,CHARACTER,4,0,<null>,Y
GAL281TBX,PLANT_LOC_CD,CHARACTER,4,0,<null>,Y
GAL281TBX,PRT_ID_BATCH,CHARACTER,8,0,<null>,Y
GAL281TBX,PRT_ID_OTHER,CHARACTER,8,0,<null>,Y
GAL281TBX,PRT_ID_PDF,CHARACTER,8,0,<null>,Y
GAL281TBX,PRT_ID_TEXT,CHARACTER,8,0,<null>,Y
GAL281TBX,ROW_DISUSE_TSTMP,TIMESTAMP,10,0,<null>,Y
GAL281TBX,ROW_HISTRC_CNTER,INTEGER,4,0,<null>,Y
GAL281TBX,ROW_INSERT_TSTMP,TIMESTAMP,10,0,<null>,Y
GAL281TBX,ROW_UPDATE_TSTMP,TIMESTAMP,10,0,<null>,Y
GAL281TBX,ROW_UPDATE_USER,CHARACTER,11,0,<null>,Y
GAL281TBX,UPDATE_TIMESTAMP,TIMESTAMP,10,0,<null>,Y
GAL281TBX,USER_ID,CHARACTER,11,0,' ',N
GAL281TBX,USER_NAME,CHARACTER,30,0,<null>,Y
GAL282TBX,CREATE_TIMESTAMP,TIMESTAMP,10,0,<null>,Y
GAL282TBX,ROW_DISUSE_TSTMP,TIMESTAMP,10,0,<null>,Y
GAL282TBX,ROW_HISTRC_CNTER,INTEGER,4,0,<null>,Y
GAL282TBX,ROW_INSERT_TSTMP,TIMESTAMP,10,0,<null>,Y
GAL282TBX,ROW_UPDATE_TSTMP,TIMESTAMP,10,0,<null>,Y
GAL282TBX,ROW_UPDATE_USER,CHARACTER,11,0,<null>,Y
GAL282TBX,SECURITY_GRP,CHARACTER,2,0,' ',N
GAL282TBX,UPDATE_TIMESTAMP,TIMESTAMP,10,0,<null>,Y
GAL282TBX,USER_ID,CHARACTER,11,0,' ',N
GAL283TBX,CREATE_TIMESTAMP,TIMESTAMP,10,0,<null>,Y
GAL283TBX,OPERATION,INTEGER,4,0,<null>,Y
GAL283TBX,SCREEN_ID,CHARACTER,16,0,' ',N
GAL283TBX,SECURITY_GRP,CHARACTER,2,0,' ',N
GAL283TBX,UPDATE_TIMESTAMP,TIMESTAMP,10,0,<null>,Y
GAL287TBX,CLIENT_ID,CHARACTER,32,0,' ',N
GAL287TBX,CREATE_TIMESTAMP,TIMESTAMP,10,0,<null>,Y
GAL287TBX,NODENAME,CHARACTER,32,0,<null>,Y
GAL287TBX,NODENUMBER,INTEGER,4,0,0,N
GAL287TBX,PARENTNODENUMBER,INTEGER,4,0,<null>,Y
GAL287TBX,UPDATE_TIMESTAMP,TIMESTAMP,10,0,<null>,Y
GAL294TBX,CREATE_TIMESTAMP,TIMESTAMP,10,0,<null>,Y
GAL294TBX,DEFAULT_FLAG,INTEGER,4,0,<null>,N
GAL294TBX,DESTINATION_ID,CHARACTER,32,0,<null>,N
GAL294TBX,FORM_ID,CHARACTER,32,0,<null>,N
GAL294TBX,UPDATE_TIMESTAMP,TIMESTAMP,10,0,<null>,Y
GAL324TBX,CREATE_TIMESTAMP,TIMESTAMP,10,0,CURRENT TIMESTAMP,N
GAL324TBX,GROUP_NAME,VARCHAR,64,0,<null>,N
GAL324TBX,SECURITY_GRP,CHARACTER,2,0,<null>,N
GAL324TBX,UPDATE_TIMESTAMP,TIMESTAMP,10,0,<null>,Y
GAL489TBX,CHANGE_USER_ID,VARCHAR,32,0,<null>,Y
GAL489TBX,COMPONENT_ID,VARCHAR,40,0,<null>,N
GAL489TBX,CREATE_TIMESTAMP,TIMESTAMP,10,0,CURRENT TIMESTAMP,N
GAL489TBX,DESCRIPTION,VARCHAR,64,0,<null>,Y
GAL489TBX,PROPERTY_KEY,VARCHAR,64,0,<null>,N
GAL489TBX,PROPERTY_VALUE,VARCHAR,512,0,<null>,N
GAL489TBX,UPDATE_TIMESTAMP,TIMESTAMP,10,0,<null>,Y
GAL600TBX,CREATE_TIMESTAMP,TIMESTAMP,10,0,<null>,Y
GAL600TBX,DISPLAY_NAME,VARCHAR,64,0,<null>,N
GAL600TBX,PASSWORD,VARCHAR,32,0,<null>,Y
GAL600TBX,UPDATE_TIMESTAMP,TIMESTAMP,10,0,<null>,Y
GAL600TBX,USER_DESC,VARCHAR,64,0,<null>,Y
GAL600TBX,USER_ID,VARCHAR,32,0,<null>,N
GAL601TBX,CREATE_TIMESTAMP,TIMESTAMP,10,0,<null>,Y
GAL601TBX,DISPLAY_NAME,VARCHAR,64,0,<null>,Y
GAL601TBX,GROUP_DESC,VARCHAR,64,0,<null>,Y
GAL601TBX,GROUP_ID,VARCHAR,32,0,<null>,N
GAL601TBX,UPDATE_TIMESTAMP,TIMESTAMP,10,0,<null>,Y
GAL602TBX,CREATE_TIMESTAMP,TIMESTAMP,10,0,<null>,Y
GAL602TBX,GROUP_ID,VARCHAR,32,0,<null>,N
GAL602TBX,UPDATE_TIMESTAMP,TIMESTAMP,10,0,<null>,Y
GAL602TBX,USER_ID,VARCHAR,32,0,<null>,N
HCM_PRODUCT_SEQUENCE_TBX,ASSOCIATE_NO,CHARACTER,11,0,<null>,Y
HCM_PRODUCT_SEQUENCE_TBX,CREATE_TIMESTAMP,TIMESTAMP,10,0,<null>,Y
HCM_PRODUCT_SEQUENCE_TBX,PROCESS_POINT_ID,CHARACTER,16,0,<null>,N
HCM_PRODUCT_SEQUENCE_TBX,PRODUCT_ID,CHARACTER,17,0,<null>,N
HCM_PRODUCT_SEQUENCE_TBX,REFERENCE_TIMESTAMP,TIMESTAMP,10,0,<null>,N
HCM_PRODUCT_SEQUENCE_TBX,UPDATE_TIMESTAMP,TIMESTAMP,10,0,<null>,Y
HCM_REQUIRED_PARTS,CREATE_TIMESTAMP,TIMESTAMP,10,0,CURRENT TIMESTAMP,N
HCM_REQUIRED_PARTS,EXT_COLOR_CODE,CHARACTER,10,0,' ',N
HCM_REQUIRED_PARTS,INT_COLOR_CODE,CHARACTER,2,0,' ',N
HCM_REQUIRED_PARTS,MODEL_CODE,CHARACTER,3,0,' ',N
HCM_REQUIRED_PARTS,MODEL_OPTION_CODE,CHARACTER,3,0,' ',N
HCM_REQUIRED_PARTS,MODEL_TYPE_CODE,CHARACTER,3,0,' ',N
HCM_REQUIRED_PARTS,MODEL_YEAR_CODE,CHARACTER,1,0,' ',N
HCM_REQUIRED_PARTS,PART_NAME,CHARACTER,32,0,' ',N
HCM_REQUIRED_PARTS,PROCESS_POINT_ID,CHARACTER,16,0,' ',N
HCM_REQUIRED_PARTS,SUB_ID,CHARACTER,2,0,<null>,Y
HCM_REQUIRED_PARTS,UPDATE_TIMESTAMP,TIMESTAMP,10,0,<null>,Y
HCM_SCHED_LMGR,DISABLED,VARCHAR,5,0,<null>,Y
HCM_SCHED_LMGR,LEASE_EXPIRE_TIME,BIGINT,8,0,<null>,Y
HCM_SCHED_LMGR,LEASENAME,VARCHAR,254,0,<null>,N
HCM_SCHED_LMGR,LEASEOWNER,VARCHAR,254,0,<null>,N
HCM_SCHED_LMPR,LEASENAME,VARCHAR,254,0,<null>,N
HCM_SCHED_LMPR,NAME,VARCHAR,254,0,<null>,N
HCM_SCHED_LMPR,VALUE,VARCHAR,254,0,<null>,N
HCM_SCHED_TASK,AUTOPURGE,INTEGER,4,0,<null>,N
HCM_SCHED_TASK,CANCELLED,SMALLINT,2,0,<null>,N
HCM_SCHED_TASK,CREATETIME,BIGINT,8,0,<null>,N
HCM_SCHED_TASK,FAILUREACTION,INTEGER,4,0,<null>,Y
HCM_SCHED_TASK,MAXATTEMPTS,INTEGER,4,0,<null>,Y
HCM_SCHED_TASK,MAXREPEATS,INTEGER,4,0,<null>,N
HCM_SCHED_TASK,NAME,VARCHAR,254,0,<null>,N
HCM_SCHED_TASK,NEXTFIRETIME,BIGINT,8,0,<null>,N
HCM_SCHED_TASK,OWNERTOKEN,VARCHAR,200,0,<null>,N
HCM_SCHED_TASK,PARTITIONID,INTEGER,4,0,<null>,Y
HCM_SCHED_TASK,QOS,INTEGER,4,0,<null>,Y
HCM_SCHED_TASK,REPEATINTERVAL,VARCHAR,254,0,<null>,Y
HCM_SCHED_TASK,REPEATSLEFT,INTEGER,4,0,<null>,N
HCM_SCHED_TASK,ROW_VERSION,INTEGER,4,0,<null>,N
HCM_SCHED_TASK,STARTBYINTERVAL,VARCHAR,254,0,<null>,Y
HCM_SCHED_TASK,STARTBYTIME,BIGINT,8,0,<null>,Y
HCM_SCHED_TASK,TASKID,BIGINT,8,0,<null>,N
HCM_SCHED_TASK,TASKINFO,BLOB,102400,0,<null>,Y
HCM_SCHED_TASK,TASKSUSPENDED,SMALLINT,2,0,<null>,N
HCM_SCHED_TASK,TASKTYPE,INTEGER,4,0,<null>,N
HCM_SCHED_TASK,VALIDFROMTIME,BIGINT,8,0,<null>,Y
HCM_SCHED_TASK,VALIDTOTIME,BIGINT,8,0,<null>,Y
HCM_SCHED_TASK,VERSION,VARCHAR,5,0,<null>,N
HCM_SCHED_TREG,REGKEY,VARCHAR,254,0,<null>,N
HCM_SCHED_TREG,REGVALUE,VARCHAR,254,0,<null>,Y
HCM_STANDARD_SCHEDULE_TBX,CAPACITY,INTEGER,4,0,0,Y
HCM_STANDARD_SCHEDULE_TBX,CAPACITY_ON,INTEGER,4,0,0,Y
HCM_STANDARD_SCHEDULE_TBX,CREATE_TIMESTAMP,TIMESTAMP,10,0,<null>,Y
HCM_STANDARD_SCHEDULE_TBX,DAY_OF_WEEK,CHARACTER,3,0,<null>,N
HCM_STANDARD_SCHEDULE_TBX,END_TIME,TIME,3,0,<null>,Y
HCM_STANDARD_SCHEDULE_TBX,LINE_NO,CHARACTER,2,0,'',N
HCM_STANDARD_SCHEDULE_TBX,NEXT_DAY,SMALLINT,2,0,0,Y
HCM_STANDARD_SCHEDULE_TBX,PERIOD,INTEGER,4,0,0,N
HCM_STANDARD_SCHEDULE_TBX,PERIOD_LABEL,CHARACTER,5,0,<null>,Y
HCM_STANDARD_SCHEDULE_TBX,PLAN,CHARACTER,1,0,<null>,Y
HCM_STANDARD_SCHEDULE_TBX,PLANT_CODE,CHARACTER,4,0,'',N
HCM_STANDARD_SCHEDULE_TBX,PROCESS_LOCATION,CHARACTER,2,0,'',N
HCM_STANDARD_SCHEDULE_TBX,SHIFT,CHARACTER,2,0,'',N
HCM_STANDARD_SCHEDULE_TBX,START_TIME,TIME,3,0,<null>,Y
HCM_STANDARD_SCHEDULE_TBX,TYPE,CHARACTER,3,0,<null>,Y
HCM_STANDARD_SCHEDULE_TBX,UPDATE_TIMESTAMP,TIMESTAMP,10,0,<null>,Y
HCM_TGA3011,CAPACITY,INTEGER,4,0,<null>,N
HCM_TGA3011,CREATE_DATE,DATE,4,0,CURRENT DATE,N
HCM_TGA3011,CREATE_TIMESTAMP,TIMESTAMP,10,0,CURRENT TIMESTAMP,Y
HCM_TGA3011,DAY_OF_WEEK,CHARACTER,3,0,<null>,N
HCM_TGA3011,LINE_NUMBER,CHARACTER,2,0,<null>,N
HCM_TGA3011,ON_OFF_FLAG,CHARACTER,1,0,<null>,N
HCM_TGA3011,PLAN_CODE,CHARACTER,11,0,<null>,N
HCM_TGA3011,PLAN_PROC_LOC,CHARACTER,2,0,<null>,N
HCM_TGA3011,PRODUCTION_DATE,DATE,4,0,<null>,N
HCM_TGA3011,ROW_PROCESSED,CHARACTER,1,0,'N',N
HCM_TGA3011,SHIFT_CODE,CHARACTER,2,0,<null>,N
HCM_TGA3011,UPDATE_TIMESTAMP,TIMESTAMP,10,0,<null>,Y
HCM_TGA3011,WEEK_NUMBER,CHARACTER,6,0,<null>,N
HCM_TGA3011,WORK_FLAG,CHARACTER,1,0,<null>,N
HCM_TGA3021,CREATE_DATE,DATE,4,0,CURRENT DATE,N
HCM_TGA3021,CREATE_TIMESTAMP,TIMESTAMP,10,0,CURRENT TIMESTAMP,Y
HCM_TGA3021,DAY_OF_WEEK,CHARACTER,3,0,<null>,N
HCM_TGA3021,LABEL_NAME,CHARACTER,5,0,<null>,N
HCM_TGA3021,LINE_NUMBER,CHARACTER,2,0,<null>,N
HCM_TGA3021,NEXT_DAY,CHARACTER,1,0,<null>,N
HCM_TGA3021,PERIOD,CHARACTER,3,0,<null>,N
HCM_TGA3021,PLAN_CODE,CHARACTER,11,0,<null>,N
HCM_TGA3021,PLAN_PROC_LOC,CHARACTER,2,0,<null>,N
HCM_TGA3021,ROW_PROCESSED,CHARACTER,1,0,'N',N
HCM_TGA3021,SHIFT_CODE,CHARACTER,2,0,<null>,N
HCM_TGA3021,UPDATE_TIMESTAMP,TIMESTAMP,10,0,<null>,Y
HCM_TGA3021,VALID_DATE,DATE,4,0,<null>,N
HCM_TGA3021,WORK_END_TIME,TIME,3,0,<null>,N
HCM_TGA3021,WORK_PLAN_FLAG,CHARACTER,1,0,<null>,N
HCM_TGA3021,WORK_START_TIME,TIME,3,0,<null>,N
HCM_TGA3021,WORK_TYPE,CHARACTER,3,0,<null>,N
HCM_TGA3031,CREATE_DATE,DATE,4,0,CURRENT DATE,N
HCM_TGA3031,CREATE_TIMESTAMP,TIMESTAMP,10,0,CURRENT TIMESTAMP,Y
HCM_TGA3031,LABEL_NAME,CHARACTER,5,0,<null>,N
HCM_TGA3031,LINE_NUMBER,CHARACTER,2,0,<null>,N
HCM_TGA3031,NEXT_DAY,CHARACTER,1,0,<null>,N
HCM_TGA3031,PERIOD,CHARACTER,3,0,<null>,N
HCM_TGA3031,PLAN_CODE,CHARACTER,11,0,<null>,N
HCM_TGA3031,PLAN_PROC_LOC,CHARACTER,2,0,<null>,N
HCM_TGA3031,PRODUCTION_DATE,DATE,4,0,<null>,N
HCM_TGA3031,ROW_PROCESSED,CHARACTER,1,0,'N',N
HCM_TGA3031,SHIFT_CODE,CHARACTER,2,0,<null>,N
HCM_TGA3031,UPDATE_TIMESTAMP,TIMESTAMP,10,0,<null>,Y
HCM_TGA3031,WORK_END_TIME,TIME,3,0,<null>,N
HCM_TGA3031,WORK_PLAN_FLAG,CHARACTER,1,0,<null>,N
HCM_TGA3031,WORK_START_TIME,TIME,3,0,<null>,N
HCM_TGA3031,WORK_TYPE,CHARACTER,3,0,<null>,N
HCM_TGA3051,AFAE_FLAG,CHARACTER,1,0,<null>,N
HCM_TGA3051,AFAE_OFF_DATE,DATE,4,0,<null>,N
HCM_TGA3051,CARRY_I_O_FLAG,CHARACTER,1,0,<null>,N
HCM_TGA3051,CREATE_DATE,DATE,4,0,CURRENT DATE,N
HCM_TGA3051,CREATE_TIMESTAMP,TIMESTAMP,10,0,CURRENT TIMESTAMP,Y
HCM_TGA3051,DEMAND_TYPE,CHARACTER,2,0,<null>,N
HCM_TGA3051,EXT_COLOUR_CODE,CHARACTER,10,0,<null>,N
HCM_TGA3051,INT_COLOUR_CODE,CHARACTER,2,0,<null>,N
HCM_TGA3051,KD_LOT_NO,CHARACTER,18,0,<null>,N
HCM_TGA3051,LINE_NUMBER,CHARACTER,2,0,<null>,N
HCM_TGA3051,MODEL_CODE,CHARACTER,3,0,<null>,N
HCM_TGA3051,MODEL_OPTION,CHARACTER,3,0,<null>,N
HCM_TGA3051,MODEL_TYPE_CODE,CHARACTER,3,0,<null>,N
HCM_TGA3051,MODEL_YEAR_CODE,CHARACTER,1,0,<null>,N
HCM_TGA3051,NO_OF_UNITS,INTEGER,4,0,<null>,N
HCM_TGA3051,NO_OF_UNITS_CICO,INTEGER,4,0,<null>,N
HCM_TGA3051,PA_LINE_NUMBER,CHARACTER,2,0,<null>,N
HCM_TGA3051,PA_PLAN_PROC_LOC,CHARACTER,2,0,<null>,N
HCM_TGA3051,PLAN_CODE,CHARACTER,11,0,<null>,N
HCM_TGA3051,PLAN_CREATED,CHARACTER,1,0,<null>,N
HCM_TGA3051,PLAN_PROC_LOC,CHARACTER,2,0,<null>,N
HCM_TGA3051,PROD_SEQ_NUMBER,CHARACTER,12,0,<null>,N
HCM_TGA3051,REMAKE_FLAG,CHARACTER,1,0,<null>,N
HCM_TGA3051,ROW_PROCESSED,CHARACTER,1,0,'N',N
HCM_TGA3051,START_VIN_NUMBER,CHARACTER,17,0,<null>,N
HCM_TGA3051,UPDATE_TIMESTAMP,TIMESTAMP,10,0,<null>,Y
HCM_TGA3051,WE_LINE_NUMBER,CHARACTER,2,0,<null>,N
HCM_TGA3051,WE_PLAN_PROC_LOC,CHARACTER,2,0,<null>,N
HCM_TGA3051,Y_N_FLAG,CHARACTER,1,0,<null>,N
HCM_TGA3061,CALENDAR_DATE,CHARACTER,8,0,<null>,N
HCM_TGA3061,CREATE_TIMESTAMP,TIMESTAMP,10,0,CURRENT TIMESTAMP,Y
HCM_TGA3061,DAY_OF_WEEK,CHARACTER,3,0,<null>,N
HCM_TGA3061,UPDATE_TIMESTAMP,TIMESTAMP,10,0,<null>,Y
HCM_TGA3061,UPDATE_TSTMP,TIMESTAMP,10,0,<null>,N
HCM_TGA3061,UPDATE_UID,CHARACTER,8,0,<null>,Y
HCM_TGA3061,WEEK_NUMBER,CHARACTER,6,0,<null>,Y
HNA_WSBUILDS_TBX,BUILD_DATE,DATE,4,0,<null>,Y
HNA_WSBUILDS_TBX,BUILD_ID,VARCHAR,20,0,<null>,N
HNA_WSBUILDS_TBX,CREATE_TIMESTAMP,TIMESTAMP,10,0,CURRENT TIMESTAMP,N
HNA_WSBUILDS_TBX,DEFAULT_BUILD,CHARACTER,1,0,'N',N
HNA_WSBUILDS_TBX,DESCRIPTION,VARCHAR,128,0,<null>,Y
HNA_WSBUILDS_TBX,UPDATE_TIMESTAMP,TIMESTAMP,10,0,<null>,Y
HNA_WSBUILDS_TBX,URL,VARCHAR,120,0,<null>,N
HNA_WSCLIENTS_TBX,BUILD_ID,VARCHAR,20,0,<null>,N
HNA_WSCLIENTS_TBX,CREATE_TIMESTAMP,TIMESTAMP,10,0,CURRENT TIMESTAMP,N
HNA_WSCLIENTS_TBX,DESCRIPTION,VARCHAR,128,0,<null>,Y
HNA_WSCLIENTS_TBX,HOST_NAME,VARCHAR,32,0,<null>,N
HNA_WSCLIENTS_TBX,IP_ADDRESS,VARCHAR,16,0,<null>,N
HNA_WSCLIENTS_TBX,UPDATE_TIMESTAMP,TIMESTAMP,10,0,<null>,Y
HNA_WSDEFBUILDS_TBX,CREATE_TIMESTAMP,TIMESTAMP,10,0,CURRENT TIMESTAMP,N
HNA_WSDEFBUILDS_TBX,DEF_BUILD_ID,VARCHAR,20,0,<null>,N
HNA_WSDEFBUILDS_TBX,ENV_DESCRIPTION,VARCHAR,128,0,<null>,Y
HNA_WSDEFBUILDS_TBX,ENVIRONMENT,VARCHAR,64,0,<null>,N
HNA_WSDEFBUILDS_TBX,UPDATE_TIMESTAMP,TIMESTAMP,10,0,<null>,Y
MEASUREMENT_SPEC_TBX,CREATE_TIMESTAMP,TIMESTAMP,10,0,CURRENT TIMESTAMP,N
MEASUREMENT_SPEC_TBX,MAX_ATTEMPTS,INTEGER,4,0,<null>,Y
MEASUREMENT_SPEC_TBX,MAXIMUM_LIMIT,DOUBLE,8,0,<null>,Y
MEASUREMENT_SPEC_TBX,MEASUREMENT_SEQ_NUM,INTEGER,4,0,<null>,N
MEASUREMENT_SPEC_TBX,MINIMUM_LIMIT,DOUBLE,8,0,<null>,Y
MEASUREMENT_SPEC_TBX,PART_ID,CHARACTER,5,0,<null>,N
MEASUREMENT_SPEC_TBX,PART_NAME,CHARACTER,32,0,<null>,N
MEASUREMENT_SPEC_TBX,UPDATE_TIMESTAMP,TIMESTAMP,10,0,<null>,Y
NOTIFICATION_PROVIDER_TBX,CREATE_TIMESTAMP,TIMESTAMP,10,0,<null>,Y
NOTIFICATION_PROVIDER_TBX,DESCRIPTION,VARCHAR,256,0,<null>,Y
NOTIFICATION_PROVIDER_TBX,HOST_IP,CHARACTER,15,0,<null>,N
NOTIFICATION_PROVIDER_TBX,HOST_NAME,CHARACTER,32,0,<null>,Y
NOTIFICATION_PROVIDER_TBX,HOST_PORT,SMALLINT,2,0,<null>,N
NOTIFICATION_PROVIDER_TBX,NOTIFICATION_CLASS,VARCHAR,256,0,<null>,N
NOTIFICATION_PROVIDER_TBX,UPDATE_TIMESTAMP,TIMESTAMP,10,0,<null>,Y
NOTIFICATION_SUBSCRIBER_TBX,CLIENT_IP,CHARACTER,15,0,<null>,N
NOTIFICATION_SUBSCRIBER_TBX,CLIENT_NAME,CHARACTER,32,0,<null>,Y
NOTIFICATION_SUBSCRIBER_TBX,CLIENT_PORT,INTEGER,4,0,<null>,N
NOTIFICATION_SUBSCRIBER_TBX,CREATE_TIMESTAMP,TIMESTAMP,10,0,<null>,Y
NOTIFICATION_SUBSCRIBER_TBX,NOTIFICATION_CLASS,VARCHAR,256,0,<null>,N
NOTIFICATION_SUBSCRIBER_TBX,UPDATE_TIMESTAMP,TIMESTAMP,10,0,<null>,Y
NOTIFICATION_TBX,CLIENT_ONLY,SMALLINT,2,0,0,Y
NOTIFICATION_TBX,CREATE_TIMESTAMP,TIMESTAMP,10,0,<null>,Y
NOTIFICATION_TBX,DESCRIPTION,VARCHAR,256,0,<null>,Y
NOTIFICATION_TBX,NOTIFICATION_CLASS,VARCHAR,256,0,<null>,N
NOTIFICATION_TBX,UPDATE_TIMESTAMP,TIMESTAMP,10,0,<null>,Y
PART_LOT_TBX,COMMENT,VARCHAR,256,0,<null>,Y
PART_LOT_TBX,CREATE_TIMESTAMP,TIMESTAMP,10,0,<null>,Y
PART_LOT_TBX,CURRENT_QUANTITY,INTEGER,4,0,0,Y
PART_LOT_TBX,PART_NAME,CHARACTER,32,0,<null>,N
PART_LOT_TBX,PART_NUMBER,CHARACTER,30,0,<null>,N
PART_LOT_TBX,PART_SERIAL_NUMBER,CHARACTER,30,0,<null>,N
PART_LOT_TBX,STARTING_QUANTITY,INTEGER,4,0,0,Y
PART_LOT_TBX,STATUS,SMALLINT,2,0,0,Y
PART_LOT_TBX,UPDATE_TIMESTAMP,TIMESTAMP,10,0,<null>,Y
PART_SPEC_TBX,COMMENT,VARCHAR,256,0,<null>,Y
PART_SPEC_TBX,CREATE_TIMESTAMP,TIMESTAMP,10,0,CURRENT TIMESTAMP,N
PART_SPEC_TBX,ENTRY_TIMESTAMP,TIMESTAMP,10,0,<null>,Y
PART_SPEC_TBX,MEASUREMENT_COUNT,INTEGER,4,0,<null>,Y
PART_SPEC_TBX,PART_DESCRIPTION,VARCHAR,128,0,<null>,Y
PART_SPEC_TBX,PART_ID,CHARACTER,5,0,<null>,N
PART_SPEC_TBX,PART_MAX_ATTEMPTS,INTEGER,4,0,<null>,Y
PART_SPEC_TBX,PART_NAME,CHARACTER,32,0,<null>,N
PART_SPEC_TBX,PART_SERIAL_NUMBER_MASK,CHARACTER,30,0,<null>,Y
PART_SPEC_TBX,UPDATE_TIMESTAMP,TIMESTAMP,10,0,<null>,Y
PRODUCT_SPEC_CODE_TBX,CREATE_TIMESTAMP,TIMESTAMP,10,0,<null>,Y
PRODUCT_SPEC_CODE_TBX,EXT_COLOR_CODE,CHARACTER,10,0,<null>,Y
PRODUCT_SPEC_CODE_TBX,INT_COLOR_CODE,CHARACTER,3,0,<null>,Y
PRODUCT_SPEC_CODE_TBX,MODEL_CODE,CHARACTER,3,0,<null>,Y
PRODUCT_SPEC_CODE_TBX,MODEL_OPTION_CODE,CHARACTER,3,0,<null>,Y
PRODUCT_SPEC_CODE_TBX,MODEL_TYPE_CODE,CHARACTER,3,0,<null>,Y
PRODUCT_SPEC_CODE_TBX,MODEL_YEAR_CODE,CHARACTER,1,0,<null>,Y
PRODUCT_SPEC_CODE_TBX,MODEL_YEAR_DESCRIPTION,CHARACTER,4,0,<null>,Y
PRODUCT_SPEC_CODE_TBX,PRODUCT_SPEC_CODE,CHARACTER,22,0,<null>,N
PRODUCT_SPEC_CODE_TBX,PRODUCT_TYPE,CHARACTER,10,0,<null>,N
PRODUCT_SPEC_CODE_TBX,UPDATE_TIMESTAMP,TIMESTAMP,10,0,<null>,Y
PRODUCT_TRANSFER_TBX,CREATE_TIMESTAMP,TIMESTAMP,10,0,<null>,Y
PRODUCT_TRANSFER_TBX,KD_LOT_NUMBER,CHARACTER,18,0,<null>,Y
PRODUCT_TRANSFER_TBX,OFF_TIMESTAMP,TIMESTAMP,10,0,<null>,N
PRODUCT_TRANSFER_TBX,PRODUCT_ID,CHARACTER,17,0,<null>,N
PRODUCT_TRANSFER_TBX,PRODUCT_SPEC_CODE,CHARACTER,22,0,<null>,Y
PRODUCT_TRANSFER_TBX,PRODUCTION_LOT,CHARACTER,20,0,<null>,Y
PRODUCT_TRANSFER_TBX,RETRY_COUNT,SMALLINT,2,0,0,Y
PRODUCT_TRANSFER_TBX,SENT_TIMESTAMP,TIMESTAMP,10,0,<null>,Y
PRODUCT_TRANSFER_TBX,SUB_ID,CHARACTER,2,0,<null>,Y
PRODUCT_TRANSFER_TBX,UPDATE_TIMESTAMP,TIMESTAMP,10,0,<null>,Y
PRODUCT_TYPE_TBX,CREATE_TIMESTAMP,TIMESTAMP,10,0,<null>,Y
PRODUCT_TYPE_TBX,OWNER_PRODUCT_TYPE,CHARACTER,10,0,<null>,Y
PRODUCT_TYPE_TBX,PRODUCT_ID_FORMAT,CHARACTER,30,0,<null>,Y
PRODUCT_TYPE_TBX,PRODUCT_ID_LABEL,CHARACTER,30,0,<null>,Y
PRODUCT_TYPE_TBX,PRODUCT_SPEC_CODE_FORMAT,VARCHAR,256,0,<null>,Y
PRODUCT_TYPE_TBX,PRODUCT_SPEC_CODE_LABEL,CHARACTER,30,0,'MTO',Y
PRODUCT_TYPE_TBX,PRODUCT_TYPE,CHARACTER,10,0,<null>,N
PRODUCT_TYPE_TBX,PRODUCT_TYPE_LABEL,CHARACTER,30,0,<null>,Y
PRODUCT_TYPE_TBX,UPDATE_TIMESTAMP,TIMESTAMP,10,0,<null>,Y
SKIPPED_PRODUCT_TBX,CREATE_TIMESTAMP,TIMESTAMP,10,0,<null>,Y
SKIPPED_PRODUCT_TBX,DISABLE_TIMESTAMP,TIMESTAMP,10,0,<null>,Y
SKIPPED_PRODUCT_TBX,KD_LOT_NUMBER,CHARACTER,18,0,<null>,Y
SKIPPED_PRODUCT_TBX,PROCESS_POINT_ID,CHARACTER,16,0,<null>,N
SKIPPED_PRODUCT_TBX,PRODUCT_ID,CHARACTER,17,0,<null>,N
SKIPPED_PRODUCT_TBX,PRODUCT_SPEC_CODE,CHARACTER,22,0,<null>,Y
SKIPPED_PRODUCT_TBX,PRODUCT_TYPE,CHARACTER,10,0,<null>,Y
SKIPPED_PRODUCT_TBX,PRODUCTION_LOT,CHARACTER,20,0,<null>,Y
SKIPPED_PRODUCT_TBX,SKIP_TIMESTAMP,TIMESTAMP,10,0,<null>,Y
SKIPPED_PRODUCT_TBX,STATUS,SMALLINT,2,0,0,Y
SKIPPED_PRODUCT_TBX,SUB_ID,CHARACTER,2,0,<null>,Y
SKIPPED_PRODUCT_TBX,UPDATE_TIMESTAMP,TIMESTAMP,10,0,<null>,Y
SUB_PRODUCT_SHIPPING_DETAIL_TBX,CREATE_TIMESTAMP,TIMESTAMP,10,0,<null>,Y
SUB_PRODUCT_SHIPPING_DETAIL_TBX,KD_LOT_NUMBER,CHARACTER,18,0,<null>,N
SUB_PRODUCT_SHIPPING_DETAIL_TBX,PRODUCT_ID,CHARACTER,17,0,<null>,Y
SUB_PRODUCT_SHIPPING_DETAIL_TBX,PRODUCT_SEQ_NO,SMALLINT,2,0,1,N
SUB_PRODUCT_SHIPPING_DETAIL_TBX,PRODUCTION_LOT,CHARACTER,20,0,<null>,Y
SUB_PRODUCT_SHIPPING_DETAIL_TBX,SUB_ID,CHARACTER,2,0,<null>,N
SUB_PRODUCT_SHIPPING_DETAIL_TBX,UPDATE_TIMESTAMP,TIMESTAMP,10,0,<null>,Y
SUB_PRODUCT_SHIPPING_TBX,ACT_QUANTITY,SMALLINT,2,0,0,Y
SUB_PRODUCT_SHIPPING_TBX,CREATE_TIMESTAMP,TIMESTAMP,10,0,<null>,Y
SUB_PRODUCT_SHIPPING_TBX,KD_LOT_NUMBER,CHARACTER,18,0,<null>,N
SUB_PRODUCT_SHIPPING_TBX,LINE_NUMBER,CHARACTER,2,0,<null>,Y
SUB_PRODUCT_SHIPPING_TBX,PRODUCT_SPEC_CODE,CHARACTER,22,0,<null>,Y
SUB_PRODUCT_SHIPPING_TBX,PRODUCT_TYPE,CHARACTER,10,0,<null>,Y
SUB_PRODUCT_SHIPPING_TBX,PRODUCTION_DATE,DATE,4,0,<null>,Y
SUB_PRODUCT_SHIPPING_TBX,PRODUCTION_LOT,CHARACTER,20,0,<null>,N
SUB_PRODUCT_SHIPPING_TBX,SCH_QUANTITY,SMALLINT,2,0,0,Y
SUB_PRODUCT_SHIPPING_TBX,SEQ_NO,INTEGER,4,0,0,Y
SUB_PRODUCT_SHIPPING_TBX,STATUS,SMALLINT,2,0,0,Y
SUB_PRODUCT_SHIPPING_TBX,UPDATE_TIMESTAMP,TIMESTAMP,10,0,<null>,Y
SUB_PRODUCT_TBX,ACTUAL_OFF_DATE,DATE,4,0,<null>,Y
SUB_PRODUCT_TBX,AUTO_HOLD_STATUS,SMALLINT,2,0,0,Y
SUB_PRODUCT_TBX,CREATE_TIMESTAMP,TIMESTAMP,10,0,<null>,Y
SUB_PRODUCT_TBX,KD_LOT_NUMBER,CHARACTER,18,0,<null>,Y
SUB_PRODUCT_TBX,LAST_PASSING_PROCESS_POINT_ID,CHARACTER,16,0,<null>,Y
SUB_PRODUCT_TBX,PLAN_OFF_DATE,DATE,4,0,<null>,Y
SUB_PRODUCT_TBX,PRODUCT_ID,CHARACTER,17,0,' ',N
SUB_PRODUCT_TBX,PRODUCT_SPEC_CODE,CHARACTER,22,0,<null>,Y
SUB_PRODUCT_TBX,PRODUCT_START_DATE,DATE,4,0,<null>,Y
SUB_PRODUCT_TBX,PRODUCT_TYPE,CHARACTER,10,0,<null>,Y
SUB_PRODUCT_TBX,PRODUCTION_DATE,DATE,4,0,<null>,Y
SUB_PRODUCT_TBX,PRODUCTION_LOT,CHARACTER,20,0,<null>,Y
SUB_PRODUCT_TBX,STATUS,SMALLINT,2,0,0,Y
SUB_PRODUCT_TBX,SUB_ID,CHARACTER,2,0,<null>,Y
SUB_PRODUCT_TBX,TRACKING_STATUS,CHARACTER,16,0,<null>,Y
SUB_PRODUCT_TBX,UPDATE_TIMESTAMP,TIMESTAMP,10,0,<null>,Y
